marker_name,marker_id,marker_mean,marker_std
EOMES,20,0.012786555365679,0.008608410370148
FOXP3,28,0.014452395933506,0.038268101524066
GATA3,30,0.002412470519,0.003730364419759
Histone H3 k27me3,38,0.031952259692268,0.05613364425787
Histone H3,42,0.017520201258267,0.032944307155653
Ki67,46,0.029531676251173,0.076518686083291
p53,50,0.067346928386254,0.095529416712135
Histone H3 - p,56,0.001842406432527,0.012970135841461
pRB,64,0.005817520766427,0.024704567058472
TBET,68,0.021788786479292,0.04602853272218
TCF1,70,0.013290525425327,0.024801965881489
TOX,72,0.027803651143814,0.043746344089246
PTEN,98,0.010576106797954,0.027617329607883
SMA,130,0.029575119358045,0.041247284271777
ATP5A,140,0.048486441341245,0.080078225655559
beta-Catenin,142,0.032558367982265,0.059072501692797
B2M,146,0.033170962442073,0.05289225311551
Bcl2,150,0.047103710092785,0.060276430630856
CD303,152,0.008285348891197,0.005956689126225
C1Qa,154,0.01869068310032,0.045164973605802
CA2,160,0.018467209792378,0.082652891871003
CCR4,164,0.031724510575308,0.041872482101634
CCR6,166,0.044867218527772,0.042833273269029
CD10,170,0.01709826758832,0.028232257785233
CD103,172,0.036234831133347,0.055067513227967
vWF,174,0.02251935792398,0.021513883072498
CD11b,180,0.032169304434054,0.052365631918842
CD11c,182,0.01903850880955,0.044335894320743
CD134,188,0.007104985963329,0.012113393277056
CD14,192,0.044542437117002,0.058956506964904
CD15,194,0.016322029023369,0.040415845467354
CD16,196,0.041869441697734,0.05562602617936
CD163,200,0.014383895345818,0.033087414829243
CD19,204,0.040921441344039,0.048541083495269
CD20,214,0.045191582014717,0.057727228810945
CD206,216,0.014007699716253,0.044500654190149
CD27,226,0.006770155617963,0.009144941931484
CD3,232,0.031814082623739,0.066669983148534
CD31,236,0.007017607869554,0.02648811200201
CD34,238,0.021099896436083,0.037606113328878
CD36,242,0.008197827878786,0.026479495392782
CD38,244,0.01850829448005,0.02816937921348
CD39,246,0.01290456757741,0.01268335517275
CD4,248,0.01761953227456,0.043488669824453
CD40,250,0.009831080447236,0.011311274523303
CD44,254,0.025729573393176,0.062900187886423
CD45,256,0.064861690088598,0.112587988039793
CD45RA,258,0.046234915013981,0.070005033855438
CD45RO,260,0.029776678198784,0.074940388336497
CD54,270,0.03414165692666,0.039938980054367
CD56,272,0.027448837096015,0.049417103336954
CD57,274,0.005938027181212,0.029239079931071
CD66b,280,0.001668414613027,0.001106509512168
CD68,282,0.013592969621604,0.033643945961906
CD69,284,0.029539718769904,0.045456293974283
CD7,286,0.056185083102036,0.082215625152897
CD8a,294,0.050695170350049,0.08463300028839
c-Caspase3c-PARP,306,0.020892336383145,0.056341958562301
Collagen Type I,312,0.023569528752688,0.069731338647284
CTLA-4,316,0.105298157571748,0.08078880622278
CXCL13,318,0.02379456311931,0.024080213104141
CXCR5,320,0.021110895389128,0.037179033200058
panCK,322,0.017069960621747,0.040264074319819
DCSIGN,324,0.037775364009177,0.046686554910698
EGFR,330,0.067375439822311,0.074557186908699
EPCAM,332,0.034519957267589,0.057902339766732
Fibrinogen,338,0.013185435190958,0.029322744539351
Fibronectin,340,0.058335811944165,0.041199988104835
GITR,350,0.003825420900769,0.003023180398607
GLUT1,352,0.052365527481559,0.100218931793892
CD235ab,354,0.002117565516497,0.009201463809204
GrzB,360,0.021287770308232,0.036291930176591
HER2 (3B5),364,0.002635053845242,0.002679981377219
HLA-ABC,366,0.036942308017264,0.059591584018587
HLADR,370,0.056301066889624,0.094876476796703
IBA1,382,0.005135236388682,0.026786496765759
ICOS,386,0.011465175140698,0.020430644281534
Ido1,390,0.048157948134669,0.067392963538096
LAG3,410,0.034682313925735,0.056880836131372
LYVE1,424,0.006658073493285,0.020380966688625
MMP9,432,0.100761905165231,0.103386222840675
MPO,434,0.031078262670304,0.071730479507254
NaK-ATPase,442,0.04358125382372,0.068619760826209
PD1,446,0.025946484383293,0.044719792140842
PDL1,450,0.036109762571398,0.056349816509718
Podoplanin,456,0.044324343961638,0.082199030431065
S100B,460,0.015375635971211,0.01608935768369
Tim3,486,0.035809085330999,0.059759291497821
Vimentin,496,0.045974174450686,0.058083571144493
VISTA,498,0.039657277941614,0.057369175663555
ADAR1,500,0.0,1.0
AKT,502,0.0,1.0
AMY1A,504,0.0,1.0
AMY2A,506,0.0,1.0
Annexin A2,508,0.0,1.0
anti-Hu,510,0.0,1.0
ANXA1,512,0.0,1.0
AR,514,0.0,1.0
Arg1,516,0.0,1.0
ARX,518,0.0,1.0
ATPIF1,520,0.0,1.0
AXL,522,0.0,1.0
BCAN,524,0.0,1.0
beta-Actin,526,0.0,1.0
Biotin,528,0.0,1.0
c-Myc,530,0.0,1.0
C-peptide,532,0.0,1.0
C3,534,0.0,1.0
Cadherin-11,536,0.0,1.0
Carbonic Anhydrase,538,0.0,1.0
Caveolin-1,540,0.0,1.0
CCL18,542,0.0,1.0
CCL19,544,0.0,1.0
CCL2,546,0.0,1.0
CCL21,548,0.0,1.0
CCL22,550,0.0,1.0
CCL4,552,0.0,1.0
CCL8,554,0.0,1.0
CCR2,556,0.0,1.0
CD109,558,0.0,1.0
CD137,560,0.0,1.0
CD146,562,0.0,1.0
CD155,564,0.0,1.0
CD204,566,0.0,1.0
CD209,568,0.0,1.0
CD248,570,0.0,1.0
CD276,572,0.0,1.0
CD31-vWF,574,0.0,1.0
CD33,576,0.0,1.0
CD47,578,0.0,1.0
CD66a,580,0.0,1.0
CD73,582,0.0,1.0
CD74,584,0.0,1.0
CD79A,586,0.0,1.0
CD86,588,0.0,1.0
CD9,590,0.0,1.0
CD94,592,0.0,1.0
CD99,594,0.0,1.0
CDX2,596,0.0,1.0
CEACAM5,598,0.0,1.0
CFTR,600,0.0,1.0
CHGA,602,0.0,1.0
CHI3L1,604,0.0,1.0
Cirate Synthase,606,0.0,1.0
CK14,608,0.0,1.0
CK19,610,0.0,1.0
CK20,612,0.0,1.0
CK5,614,0.0,1.0
CK7,616,0.0,1.0
CK8-18,618,0.0,1.0
cl.PARP,620,0.0,1.0
CXCL10,622,0.0,1.0
CXCL12,624,0.0,1.0
CXCL4,626,0.0,1.0
CXCL8,628,0.0,1.0
CXCL9,630,0.0,1.0
CXCR2,632,0.0,1.0
CXCR6,634,0.0,1.0
DapB,636,0.0,1.0
DLL3,638,0.0,1.0
DNA1,640,0.0,1.0
DNA2,642,0.0,1.0
Ecad,644,0.0,1.0
ER,646,0.0,1.0
ERK,648,0.0,1.0
ERN1,650,0.0,1.0
EZH2,652,0.0,1.0
FAP,654,0.0,1.0
FOXA2,656,0.0,1.0
FSP1,658,0.0,1.0
GAPDH,660,0.0,1.0
GCG,662,0.0,1.0
GFAP,664,0.0,1.0
GHRL,666,0.0,1.0
GPA33,668,0.0,1.0
HER2 (D8F12),670,0.0,1.0
HER3,672,0.0,1.0
Hexokinase I,674,0.0,1.0
HIF1a,676,0.0,1.0
Histone H3 - t,678,0.0,1.0
HOPX,680,0.0,1.0
IAPP,682,0.0,1.0
IFNy,684,0.0,1.0
IgG,686,0.0,1.0
IL10,688,0.0,1.0
IL17a,690,0.0,1.0
IL7a,692,0.0,1.0
Insulin,694,0.0,1.0
JARID2-C,696,0.0,1.0
JARID2-N,698,0.0,1.0
K-Cadherin,700,0.0,1.0
Ki67-pt198,702,0.0,1.0
LAMP3,704,0.0,1.0
LDHA,706,0.0,1.0
MART1,708,0.0,1.0
Met,710,0.0,1.0
MITF,712,0.0,1.0
MMP11,714,0.0,1.0
MOG,716,0.0,1.0
MS4A4A,718,0.0,1.0
mTOR,720,0.0,1.0
MX1,722,0.0,1.0
Nestin,724,0.0,1.0
NeuN,726,0.0,1.0
NFkb,728,0.0,1.0
NKG2A,730,0.0,1.0
NKp46,732,0.0,1.0
NKX2.2,734,0.0,1.0
NKX6-1,736,0.0,1.0
Olig1,738,0.0,1.0
Olig2,740,0.0,1.0
P2RY12,742,0.0,1.0
p75,744,0.0,1.0
pAKT,746,0.0,1.0
Pax6,748,0.0,1.0
pCREB,750,0.0,1.0
PCSK1,752,0.0,1.0
PCSK2,754,0.0,1.0
PDGFRb,756,0.0,1.0
PDX1,758,0.0,1.0
pERK,760,0.0,1.0
PIN,762,0.0,1.0
PM2,764,0.0,1.0
PM3,766,0.0,1.0
PM4,768,0.0,1.0
pMAPKAPK2,770,0.0,1.0
PNAd,772,0.0,1.0
pNFkB,774,0.0,1.0
PP,776,0.0,1.0
pp38,778,0.0,1.0
PPY,780,0.0,1.0
PR,782,0.0,1.0
Proglucagon,784,0.0,1.0
Proinsulin,786,0.0,1.0
pS6,788,0.0,1.0
pSTAT1,790,0.0,1.0
pSTAT3,792,0.0,1.0
PTPN22,794,0.0,1.0
PTPRN,796,0.0,1.0
S100a8,798,0.0,1.0
S6,800,0.0,1.0
SCD5,802,0.0,1.0
SLC1A3/EAAT1,804,0.0,1.0
Slug,806,0.0,1.0
SNAI1,808,0.0,1.0
SOD2,810,0.0,1.0
Somatostatin,812,0.0,1.0
Sox10,814,0.0,1.0
Sox2,816,0.0,1.0
Sox9,818,0.0,1.0
SYP,820,0.0,1.0
TCF1/7,822,0.0,1.0
TCF7,824,0.0,1.0
TGFB,826,0.0,1.0
TIGIT,828,0.0,1.0
TMEM119,830,0.0,1.0
TMEM173,832,0.0,1.0
TNC,834,0.0,1.0
TOX2,836,0.0,1.0
Twist,838,0.0,1.0
TXNIP,840,0.0,1.0
VCAM1,842,0.0,1.0
VEGF,844,0.0,1.0
WFS1,846,0.0,1.0
XBP1,848,0.0,1.0
